{"Age": 54.51882272416153, "Tenure": 3.2197125256673513, "Engagement Score": 3, "Satisfaction Score": 3, "Work-Life Balance Score": 3, "Training Duration(Days)": 3, "Training Cost": 572.125}